"Name","Team","W","L","ERA","G","GS","CG","ShO","SV","HLD","BS","IP","TBF","H","R","ER","HR","BB","IBB","HBP","WP","BK","SO","playerid"
"Jake Peavy","Padres","19","6","2.54","34","34","0","0","0","0","0","223.1","898","169","67","63","13","68","5","6","4","0","240","1051"
"Brandon Webb","Diamondbacks","18","10","3.01","34","34","4","3","0","0","0","236.1","975","209","91","79","12","72","6","5","3","0","194","1692"
"John Lackey","Angels","19","9","3.01","33","33","2","2","0","0","0","224.0","929","219","87","75","18","52","2","12","9","1","179","1507"
"Brad Penny","Dodgers","16","4","3.03","33","33","0","0","0","0","0","208.0","865","199","75","70","9","73","2","5","6","0","135","535"
"Roberto Hernandez","Indians","19","8","3.06","32","32","2","1","0","0","0","215.0","879","199","78","73","16","61","2","11","5","1","137","3273"
"Dan Haren","Athletics","15","9","3.07","34","34","0","0","0","0","0","222.2","935","214","91","76","24","55","1","3","10","0","192","1757"
"John Smoltz","Braves","14","8","3.11","32","32","0","0","0","0","0","205.2","853","196","78","71","18","47","9","4","8","0","197","115"
"Chris Young","Padres","9","8","3.12","30","30","0","0","0","0","0","173.0","705","118","66","60","10","72","0","7","7","4","167","3196"
"Erik Bedard","Orioles","13","5","3.16","28","28","1","1","0","0","0","182.0","733","141","66","64","19","57","0","5","3","0","221","126"
"Roy Oswalt","Astros","14","7","3.18","33","32","1","0","0","1","0","212.0","910","221","80","75","14","60","6","7","1","1","154","571"
"CC Sabathia","Indians","19","7","3.21","34","34","4","1","0","0","0","241.0","975","238","94","86","20","37","1","8","1","0","209","404"
"Josh Beckett","Red Sox","20","7","3.27","30","30","1","0","0","0","0","200.2","822","189","76","73","17","40","0","5","3","0","194","510"
"Johan Santana","Twins","15","13","3.33","33","33","1","1","0","0","0","219.0","878","183","88","81","33","52","0","4","7","1","235","755"
"Tim Hudson","Braves","16","10","3.33","34","34","1","1","0","0","0","224.1","925","221","87","83","10","53","8","8","5","2","132","921"
"Cole Hamels","Phillies","15","5","3.39","28","28","2","0","0","0","0","183.1","743","163","72","69","25","43","4","3","5","0","177","4972"
"Kelvim Escobar","Angels","18","7","3.40","30","30","3","1","0","0","0","195.2","812","182","79","74","11","66","2","3","9","0","160","1298"
"Scott Kazmir","Devil Rays","13","9","3.48","34","34","0","0","0","0","0","206.2","887","196","91","80","18","89","1","7","10","0","239","4897"
"Oliver Perez","Mets","15","10","3.56","29","29","0","0","0","0","0","177.0","765","153","90","70","22","79","1","7","6","0","174","1514"
"Mark Buehrle","White Sox","10","9","3.63","30","30","3","1","0","0","0","201.0","835","208","86","81","22","45","5","5","1","0","115","225"
"Matt Cain","Giants","7","16","3.65","32","32","1","0","0","0","0","200.0","832","173","84","81","14","79","3","5","12","0","163","4732"
"Justin Verlander","Tigers","18","6","3.66","32","32","1","1","0","0","0","201.2","866","181","88","82","20","67","3","19","17","2","183","8700"
"Gil Meche","Royals","9","13","3.67","34","34","1","0","0","0","0","216.0","906","218","98","88","22","62","2","3","3","0","156","1089"
"Jeremy Guthrie","Orioles","7","5","3.70","32","26","0","0","0","0","1","175.1","723","165","78","72","23","47","2","4","8","1","123","2072"
"Adam Wainwright","Cardinals","14","12","3.70","32","32","1","0","0","0","0","202.0","882","212","93","83","13","70","4","9","6","0","136","2233"
"Chien-Ming Wang","Yankees","19","7","3.70","30","30","1","0","0","0","0","199.1","823","199","84","82","9","59","1","8","9","1","104","2074"
"Roy Halladay","Blue Jays","16","7","3.71","31","31","7","1","0","0","0","225.1","927","232","101","93","15","48","3","3","4","0","139","1303"
"Aaron Harang","Reds","16","6","3.73","34","34","2","1","0","0","0","231.2","948","213","100","96","28","52","3","8","12","1","218","1451"
"Javier Vazquez","White Sox","15","8","3.74","32","32","2","0","0","0","0","216.2","882","197","95","90","29","50","2","7","5","0","213","801"
"A.J. Burnett","Blue Jays","10","8","3.75","25","25","2","0","0","0","0","165.2","691","131","74","69","23","66","2","12","5","0","176","512"
"Ian Snell","Pirates","9","12","3.76","32","32","1","0","0","0","0","208.0","882","209","94","87","22","68","4","8","12","0","177","2227"
"Ted Lilly","Cubs","15","8","3.83","34","34","0","0","0","0","0","207.0","847","181","91","88","28","55","2","3","7","0","174","833"
"James Shields","Devil Rays","12","8","3.85","31","31","1","0","0","0","0","215.0","874","202","98","92","28","36","0","10","9","0","184","7059"
"Brian Bannister","Royals","12","9","3.87","27","27","1","0","0","0","0","165.0","683","156","76","71","15","44","1","6","4","0","77","5718"
"Tom Gorzelanny","Pirates","14","10","3.88","32","32","1","1","0","0","0","201.2","874","214","90","87","18","68","3","11","5","1","135","6244"
"Derek Lowe","Dodgers","12","14","3.88","33","32","3","0","0","1","0","199.1","831","194","100","86","20","59","2","1","3","1","147","199"
"John Maine","Mets","15","10","3.91","32","32","1","1","0","0","0","191.0","810","168","90","83","23","75","3","5","2","0","180","4773"
"Rich Hill","Cubs","11","8","3.92","32","32","0","0","0","0","0","195.0","812","170","89","85","27","63","3","12","1","1","183","4806"
"Felix Hernandez","Mariners","14","7","3.92","30","30","1","1","0","0","0","190.1","808","209","88","83","20","53","4","3","7","1","165","4772"
"Joe Blanton","Athletics","14","10","3.95","34","34","3","1","0","0","0","230.0","950","240","106","101","16","40","4","4","3","1","140","4849"
"Carlos Zambrano","Cubs","18","13","3.95","34","34","1","0","0","0","0","216.1","925","187","100","95","23","101","4","14","3","0","177","305"
"Andy Pettitte","Yankees","15","9","4.05","36","34","0","0","0","1","0","215.1","916","238","106","97","16","69","1","1","3","0","141","840"
"Dustin McGowan","Blue Jays","12","10","4.08","27","27","2","1","0","0","0","169.2","705","146","80","77","14","61","3","2","13","0","144","8600"
"Aaron Cook","Rockies","8","7","4.12","25","25","2","0","0","0","0","166.0","698","178","87","76","15","44","6","6","0","0","61","1571"
"Greg Maddux","Padres","14","11","4.14","34","34","1","0","0","0","0","198.0","830","221","92","91","14","25","3","6","5","0","104","104"
"Carlos Silva","Twins","13","14","4.19","33","33","2","1","0","0","0","202.0","848","229","99","94","20","36","2","4","4","1","89","973"
"Jeff Francis","Rockies","17","9","4.22","34","34","1","1","0","0","0","215.1","922","234","103","101","25","63","7","7","1","1","165","4684"
"Bronson Arroyo","Reds","9","15","4.23","34","34","1","0","0","0","0","210.2","921","232","109","99","28","63","6","13","4","0","156","978"
"Jon Garland","White Sox","10","13","4.23","32","32","2","1","0","0","0","208.1","883","219","114","98","19","57","3","4","1","0","98","232"
"Doug Davis","Diamondbacks","13","12","4.25","33","33","0","0","0","0","0","192.2","862","211","100","91","21","95","7","5","10","1","144","1244"
"Miguel Batista","Mariners","16","11","4.29","33","32","0","0","0","0","0","193.0","860","209","101","92","18","85","3","8","15","2","133","46"
"Jarrod Washburn","Mariners","10","15","4.32","32","32","1","1","0","0","0","193.2","839","201","102","93","23","67","5","8","2","1","114","40"
"Daisuke Matsuzaka","Red Sox","15","12","4.40","32","32","1","0","0","0","0","204.2","874","191","100","100","25","80","1","13","5","0","201","7775"
"Chad Gaudin","Athletics","11","13","4.42","34","34","1","0","0","0","0","199.1","886","205","108","98","21","100","8","8","3","1","154","1783"
"Tom Glavine","Mets","13","8","4.45","34","34","1","1","0","0","0","200.1","855","219","102","99","23","64","2","4","2","0","89","90"
"Barry Zito","Giants","11","13","4.53","34","33","0","0","0","0","0","196.2","850","182","105","99","24","83","4","4","5","0","131","944"
"Wandy Rodriguez","Astros","9","13","4.58","31","31","1","1","0","0","0","182.2","782","179","102","93","22","62","2","5","3","0","158","2586"
"Paul Byrd","Indians","15","8","4.59","31","31","2","2","0","0","0","192.1","835","239","107","98","27","28","3","6","5","0","88","594"
"Jason Marquis","Cubs","12","9","4.60","34","33","1","1","0","0","0","191.2","846","190","111","98","22","76","6","13","3","0","109","105"
"Jeff Suppan","Brewers","12","12","4.62","34","34","1","0","0","0","0","206.2","919","243","113","106","18","68","10","11","7","0","114","633"
"Kyle Lohse","- - -","9","12","4.62","34","32","2","1","0","0","0","192.2","829","207","109","99","22","57","3","12","3","0","122","739"
"Matt Chico","Nationals","7","9","4.63","31","31","0","0","0","0","0","167.0","747","183","96","86","26","74","3","5","7","0","94","6068"
"Nate Robertson","Tigers","9","13","4.76","30","30","0","0","0","0","0","177.2","781","199","98","94","22","63","2","3","5","1","119","1620"
"Tim Wakefield","Red Sox","17","12","4.76","31","31","0","0","0","0","0","189.0","800","191","104","100","22","64","1","4","10","0","110","219"
"Matt Morris","- - -","10","11","4.89","32","32","3","0","0","0","0","198.2","884","240","123","108","18","61","4","9","4","0","102","1172"
"Livan Hernandez","Diamondbacks","11","11","4.93","33","33","1","0","0","0","0","204.1","913","247","116","112","34","79","1","6","3","2","90","1116"
"Braden Looper","Cardinals","12","12","4.94","31","30","0","0","0","0","0","175.0","746","183","100","96","22","51","2","4","0","3","87","526"
"Josh Fogg","Rockies","10","9","4.94","30","29","0","0","0","0","0","165.2","745","194","99","91","23","59","7","13","3","0","94","989"
"Jeremy Bonderman","Tigers","11","9","5.01","28","28","0","0","0","0","0","174.1","753","193","105","97","23","48","6","4","12","1","145","1667"
"Jamie Moyer","Phillies","14","12","5.01","33","33","1","0","0","0","0","199.1","867","222","118","111","30","66","3","5","2","0","133","1091"
"Paul Maholm","Pirates","10","15","5.02","29","29","2","1","0","0","0","177.2","765","204","110","99","22","49","3","6","5","0","105","8678"
"Boof Bonser","Twins","8","12","5.10","31","30","0","0","0","0","0","173.0","772","199","108","98","27","65","4","5","3","1","136","2159"
"Dave Bush","Brewers","12","10","5.12","33","31","0","0","0","0","0","186.1","810","217","110","106","27","44","1","11","3","0","134","4635"
"Kevin Millwood","Rangers","10","14","5.16","31","31","0","0","0","0","0","172.2","788","213","111","99","19","67","2","8","4","0","123","106"
"Dontrelle Willis","Marlins","10","15","5.17","35","35","0","0","0","0","0","205.1","942","241","131","118","29","87","4","14","9","1","146","1703"
"Woody Williams","Astros","8","15","5.27","33","31","0","0","0","0","0","188.0","833","216","114","110","35","53","5","12","1","2","101","1190"
"Matt Belisle","Reds","8","9","5.32","30","30","1","0","0","0","0","177.2","771","212","111","105","26","43","4","7","6","1","125","1837"
"Daniel Cabrera","Orioles","9","18","5.55","34","34","1","0","0","0","0","204.1","922","207","133","126","25","108","6","15","7","2","166","1931"
"Jose Contreras","White Sox","10","17","5.57","32","30","2","2","0","0","0","189.0","858","232","134","117","21","62","1","15","3","0","113","1660"
"Kip Wells","Cardinals","7","17","5.70","34","26","0","0","0","0","0","162.2","750","186","116","103","19","78","9","9","8","1","122","1012"
"Scott Olsen","Marlins","10","15","5.81","33","33","0","0","0","0","0","176.2","826","226","134","114","29","85","4","1","8","0","133","4529"
